{
  "condition": "in_domain",
  "models": {
    "scibert": {
      "dataset": "data/processed/refined_qasper_slod.csv",
      "prototype_spans": "data/spans/refined_qasper_slod_in_domain.csv",
      "results_dir": "results/prototype/in_domain/scibert",
      "metrics": {
        "accuracy": 0.7472222222222222,
        "class_macro_precision": 0.8125,
        "class_macro_recall": 0.8013698630136986,
        "class_macro_f1": 0.8068965517241379,
        "class_macro_support": 146,
        "class_meso_precision": 0.25806451612903225,
        "class_meso_recall": 0.21621621621621623,
        "class_meso_f1": 0.23529411764705882,
        "class_meso_support": 37,
        "class_micro_precision": 0.7783783783783784,
        "class_micro_recall": 0.8135593220338984,
        "class_micro_f1": 0.7955801104972375,
        "class_micro_support": 177,
        "macro_precision": 0.6163142981691369,
        "macro_recall": 0.610381800421271,
        "macro_f1": 0.6125902599561447
      }
    },
    "minilm": {
      "dataset": "data/processed/refined_qasper_slod.csv",
      "prototype_spans": "data/spans/refined_qasper_slod_in_domain.csv",
      "results_dir": "results/prototype/in_domain/minilm",
      "metrics": {
        "accuracy": 0.7472222222222222,
        "class_macro_precision": 0.7777777777777778,
        "class_macro_recall": 0.7671232876712328,
        "class_macro_f1": 0.7724137931034483,
        "class_macro_support": 146,
        "class_meso_precision": 0.0,
        "class_meso_recall": 0.0,
        "class_meso_f1": 0.0,
        "class_meso_support": 37,
        "class_micro_precision": 0.7268518518518519,
        "class_micro_recall": 0.8870056497175142,
        "class_micro_f1": 0.7989821882951654,
        "class_micro_support": 177,
        "macro_precision": 0.5015432098765432,
        "macro_recall": 0.5513763124629157,
        "macro_f1": 0.5237986604662046
      }
    },
    "tfidf": {
      "dataset": "data/processed/refined_qasper_slod.csv",
      "prototype_spans": "data/spans/refined_qasper_slod_in_domain.csv",
      "results_dir": "results/prototype/in_domain/tfidf",
      "metrics": {
        "accuracy": 0.7527777777777778,
        "class_macro_precision": 0.8088235294117647,
        "class_macro_recall": 0.7534246575342466,
        "class_macro_f1": 0.7801418439716312,
        "class_macro_support": 146,
        "class_meso_precision": 0.0,
        "class_meso_recall": 0.0,
        "class_meso_f1": 0.0,
        "class_meso_support": 37,
        "class_micro_precision": 0.71875,
        "class_micro_recall": 0.9096045197740112,
        "class_micro_f1": 0.8029925187032418,
        "class_micro_support": 177,
        "macro_precision": 0.5091911764705882,
        "macro_recall": 0.5543430591027526,
        "macro_f1": 0.5277114542249577
      }
    }
  }
}