{
  "condition": "controlled",
  "models": {
    "scibert": {
      "dataset": "data/processed/refined_qasper_slod_length_controlled.csv",
      "prototype_spans": "data/spans/refined_qasper_slod_controlled.csv",
      "results_dir": "results/prototype/controlled/scibert",
      "metrics": {
        "accuracy": 0.7055555555555556,
        "class_macro_precision": 0.7913669064748201,
        "class_macro_recall": 0.7534246575342466,
        "class_macro_f1": 0.7719298245614035,
        "class_macro_support": 146,
        "class_meso_precision": 0.17647058823529413,
        "class_meso_recall": 0.16216216216216217,
        "class_meso_f1": 0.16901408450704225,
        "class_meso_support": 37,
        "class_micro_precision": 0.7379679144385026,
        "class_micro_recall": 0.7796610169491526,
        "class_micro_f1": 0.7582417582417582,
        "class_micro_support": 177,
        "macro_precision": 0.568601803049539,
        "macro_recall": 0.5650826122151872,
        "macro_f1": 0.5663952224367347
      }
    },
    "minilm": {
      "dataset": "data/processed/refined_qasper_slod_length_controlled.csv",
      "prototype_spans": "data/spans/refined_qasper_slod_controlled.csv",
      "results_dir": "results/prototype/controlled/minilm",
      "metrics": {
        "accuracy": 0.7333333333333333,
        "class_macro_precision": 0.7659574468085106,
        "class_macro_recall": 0.7397260273972602,
        "class_macro_f1": 0.7526132404181185,
        "class_macro_support": 146,
        "class_meso_precision": 0.0,
        "class_meso_recall": 0.0,
        "class_meso_f1": 0.0,
        "class_meso_support": 37,
        "class_micro_precision": 0.7123287671232876,
        "class_micro_recall": 0.8813559322033898,
        "class_micro_f1": 0.7878787878787878,
        "class_micro_support": 177,
        "macro_precision": 0.4927620713105994,
        "macro_recall": 0.5403606532002166,
        "macro_f1": 0.5134973427656354
      }
    },
    "tfidf": {
      "dataset": "data/processed/refined_qasper_slod_length_controlled.csv",
      "prototype_spans": "data/spans/refined_qasper_slod_controlled.csv",
      "results_dir": "results/prototype/controlled/tfidf",
      "metrics": {
        "accuracy": 0.7388888888888889,
        "class_macro_precision": 0.7969924812030075,
        "class_macro_recall": 0.726027397260274,
        "class_macro_f1": 0.7598566308243727,
        "class_macro_support": 146,
        "class_meso_precision": 0.0,
        "class_meso_recall": 0.0,
        "class_meso_f1": 0.0,
        "class_meso_support": 37,
        "class_micro_precision": 0.7048458149779736,
        "class_micro_recall": 0.903954802259887,
        "class_micro_f1": 0.7920792079207921,
        "class_micro_support": 177,
        "macro_precision": 0.5006127653936604,
        "macro_recall": 0.5433273998400536,
        "macro_f1": 0.5173119462483883
      }
    }
  }
}